;Becker;PARIS;75002;01.81.30.33.94;adelaide.becker@server.fr;comptable
Adelaide;Benoit;MARSEILLE;13012;04.16.23.32.39;adelaide.benoit@server.fr;
Adelaide;Bertrand;;;02.78.55.93.77;adelaide.bertrand@server.fr;
Adelaide;Bonnin;;;02.62.45.97.67;adelaide.bonnin@server.fr;
;Faure;TOULON;83100;04.99.54.08.97;adelaide.faure@server.fr;chauffeur
Adelaide;Launay;PARIS;75012;01.04.72.47.67;adelaide.launay@server.fr;
Adelaide;Laurent;MONTPELLIER;34080;04.39.69.09.34;adelaide.laurent@server.fr;journaliste
Adelaide;Lebon;PARIS;75003;01.05.58.12.86;adelaide.lebon@server.fr;ouvrier
Adelaide;Lombard;;;04.56.11.63.24;adelaide.lombard@server.fr;
;Martel Le Lemaire;GRENOBLE;38100;04.99.65.56.28;;comptable
Adelaide;Masson;PARIS;75007;01.26.00.62.86;;boulanger
Adelaide;Pottier-Leleu;MARSEILLE;13015;04.70.89.89.12;adelaide.pottier-leleu@server.fr;
;Voisin-Bigot;PARIS;75019;01.89.18.15.27;adelaide.voisin-bigot@server.fr;
Adelaide-Gabrielle;Hernandez;LYON;69007;04.60.76.16.31;adelaide-gabrielle.hernandez@server.fr;technicien
Adele;Barthelemy;;;02.15.23.25.75;adele.barthelemy@server.fr;barman
Adele;Boucher;LYON;69003;04.82.49.17.30;adele.boucher@server.fr;
Adele;Bourgeois;TOULOUSE;31000;05.87.03.61.74;adele.bourgeois@server.fr;agriculteur
;Colas de Chauvin;NANTES;44000;02.16.92.15.46;adele.colas-de-chauvin@server.fr;chef d'entreprise
Adele;Delaunay Le Lemaire;;;05.39.30.70.29;adele.delaunay-le-lemaire@server.fr;
Adele;Delmas Le Poulain;;;02.62.73.80.93;adele.delmas-le-poulain@server.fr;
;Dupont;NANTES;44000;02.16.51.03.76;adele.dupont@server.fr;
;Dupuy;LYON;69008;04.50.03.11.01;adele.dupuy@server.fr;
;Gautier-Pierre;LYON;69008;04.52.47.87.70;;medecin
Adele;Joseph;MARSEILLE;13008;04.61.69.44.28;adele.joseph@server.fr;
Adele;Masse;MONTPELLIER;34090;04.50.48.06.82;adele.masse@server.fr;
Adele;Maurice;NICE;6200;04.23.67.78.09;adele.maurice@server.fr;technicien
Adele;Morel;PARIS;75005;01.61.90.23.50;adele.morel@server.fr;
Adele;Pascal;;;05.40.47.39.99;adele.pascal@server.fr;
;Perrin;BORDEAUX;33100;05.39.90.87.93;adele.perrin@server.fr;
Adele;Pons-Humbert;;;04.83.55.05.06;adele.pons-humbert@server.fr;
Adele;Pottier;DECINES-CHARPIEU;69150;04.89.40.96.60;adele.pottier@server.fr;
Adele;Renard;;;01.46.39.84.82;adele.renard@server.fr;barman
Adele;Renaud;;;04.99.15.92.71;adele.renaud@server.fr;
;Ledoux;;;04.90.14.19.29;adele-charlotte.ledoux@server.fr;
;Pires;PARIS;75010;01.77.05.57.36;;
Adrien;Aubry Le Huet;;;02.54.50.51.41;adrien.aubry-le-huet@server.fr;banquier
;Carre;PARIS;75016;01.98.37.50.98;adrien.carre@server.fr;acteur
Adrien;de la Mahe;;;04.12.38.40.64;adrien.de-la-mahe@server.fr;enseignant
;Dumas-Delahaye;;;03.48.20.61.07;adrien.dumas-delahaye@server.fr;comptable
Adrien;Faivre;;;04.84.38.42.21;adrien.faivre@server.fr;
Adrien;Fontaine;PARIS;75009;01.18.70.85.92;adrien.fontaine@server.fr;agriculteur
Adrien;Giraud;PARIS;75116;01.71.11.41.99;adrien.giraud@server.fr;
Adrien;Goncalves de la Boulanger;LILLE;59160;03.49.41.32.88;adrien.goncalves-de-la-boulanger@server.fr;
Adrien;Guillaume;PARIS;75003;01.20.33.87.88;adrien.guillaume@server.fr;boulanger
Adrien;Guillaume;LYON;69008;04.18.14.57.97;adrien.guillaume@server.fr;
Adrien;Guillot Le Gomez;PARIS;75003;01.74.91.47.51;adrien.guillot-le-gomez@server.fr;medecin
Adrien;Guillot Le Robert;MARSEILLE;13016;04.11.95.55.89;adrien.guillot-le-robert@server.fr;
;Jacob du Garnier;MARSEILLE;13008;04.29.97.42.09;adrien.jacob-du-garnier@server.fr;ouvrier
Adrien;Klein;;;04.89.72.66.57;adrien.klein@server.fr;avocat
Adrien;Meunier;ST ETIENNE;42100;04.99.97.66.09;adrien.meunier@server.fr;medecin
;Noel;NICE;6100;04.66.95.88.51;adrien.noel@server.fr;barman
Adrien;Pruvost;NICE;6100;04.65.84.72.72;adrien.pruvost@server.fr;
;Rodrigues;LYON;69001;04.66.98.54.39;adrien.rodrigues@server.fr;
;Thomas;STRASBOURG;67100;03.51.73.93.80;adrien.thomas@server.fr;technicien
;Morin;;;01.89.31.78.81;adrien-benoit.morin@server.fr;
Adrien-Emile;Besson;LILLE;59000;03.15.78.90.68;adrien-emile.besson@server.fr;
Adrien-Franck;Lombard;LYON;69006;04.92.06.36.04;adrien-franck.lombard@server.fr;
Adrien-Stephane;Roussel;;;01.53.97.32.03;adrien-stephane.roussel@server.fr;agriculteur
;Antoine;PARIS;75003;01.85.29.43.35;adrienne.antoine@server.fr;medecin
Adrienne;Bazin de Gilbert;;;04.81.38.58.77;adrienne.bazin-de-gilbert@server.fr;barman
Adrienne;Bonnet;PARIS;75014;01.87.00.07.18;adrienne.bonnet@server.fr;
Adrienne;Bonnin du Navarro;NICE;6000;04.73.18.22.82;adrienne.bonnin-du-navarro@server.fr;chef d'entreprise
Adrienne;Boucher;PARIS;75007;01.34.03.25.84;adrienne.boucher@server.fr;barman
Adrienne;Charpentier;MARSEILLE;13011;04.33.13.55.37;adrienne.charpentier@server.fr;
Adrienne;de Giraud;LE HAVRE;76620;02.20.25.07.27;adrienne.de-giraud@server.fr;
Adrienne;du Marechal;PARIS;75010;01.66.90.84.94;adrienne.du-marechal@server.fr;
Adrienne;du Martel;NANTES;44300;02.26.99.74.75;adrienne.du-martel@server.fr;
Adrienne;du Meunier;;;01.34.69.96.15;adrienne.du-meunier@server.fr;
Adrienne;Dubois;TOULOUSE;31500;05.04.42.14.91;adrienne.dubois@server.fr;
Adrienne;Evrard;MARSEILLE;13008;04.87.73.48.60;adrienne.evrard@server.fr;journaliste
;Guyot;;;04.22.94.08.54;adrienne.guyot@server.fr;avocat
Adrienne;Hoarau;;;05.86.90.99.86;adrienne.hoarau@server.fr;footballeur
Adrienne;Laine;TOULOUSE;31500;05.20.16.39.15;;acteur
;Leger;NANTES;44000;02.14.38.29.32;adrienne.leger@server.fr;medecin
;Masse;MARSEILLE;13014;04.15.76.22.00;adrienne.masse@server.fr;ouvrier
Adrienne;Morel;;;04.54.87.87.99;adrienne.morel@server.fr;
Adrienne;Pages;LYON;69006;04.78.35.33.87;adrienne.pages@server.fr;
Adrienne;Pasquier;;;02.04.80.50.01;adrienne.pasquier@server.fr;militaire
Adrienne;Prevost-Valentin;GRENOBLE;38000;04.98.70.01.01;adrienne.prevost-valentin@server.fr;ouvrier
Adrienne;Traore;NICE;6100;04.80.65.40.37;adrienne.traore@server.fr;
Agathe;Barbier;NICE;6200;04.00.15.25.44;agathe.barbier@server.fr;comptable
Agathe;Boucher;BORDEAUX;33000;05.53.39.48.61;agathe.boucher@server.fr;
;Clerc;;;01.23.58.98.06;agathe.clerc@server.fr;chercheur
Agathe;Da Costa du Normand;;;04.60.89.62.87;agathe.da-costa-du-normand@server.fr;avocat
Agathe;Descamps Le Hernandez;MARSEILLE;13008;04.39.59.85.39;agathe.descamps-le-hernandez@server.fr;
Agathe;Didier;LYON;69009;04.41.80.81.35;agathe.didier@server.fr;enseignant
Agathe;Dupuis;SAINT-DENIS;93200;01.85.30.85.64;agathe.dupuis@server.fr;
Agathe;Fernandes-Pottier;;;04.69.00.24.63;agathe.fernandes-pottier@server.fr;agriculteur
Agathe;Fontaine-Potier;;;03.14.99.81.90;;enseignant
Agathe;Foucher;MEYZIEU;69330;04.59.33.80.24;agathe.foucher@server.fr;
Agathe;Henry Le Dufour;TOULOUSE;31500;05.43.22.72.36;agathe.henry-le-dufour@server.fr;footballeur
Agathe;Hoareau;NICE;6200;04.91.25.67.21;agathe.hoareau@server.fr;
;Jacquot;PARIS;75005;01.89.09.31.73;;chercheur
Agathe;Le Fontaine;;;01.64.23.41.21;agathe.le-fontaine@server.fr;cuisinier
Agathe;Leclerc de Le Goff;TOULON;83100;04.98.84.24.21;agathe.leclerc-de-le-goff@server.fr;
Agathe;Maillet;LYON;69007;04.37.20.94.42;agathe.maillet@server.fr;
;Mercier;MARSEILLE;13012;04.55.64.22.98;agathe.mercier@server.fr;
Agathe;Moreno de la Roger;;;03.12.88.54.42;agathe.moreno-de-la-roger@server.fr;acteur
Agathe;Salmon;;;05.38.25.78.36;agathe.salmon@server.fr;boulanger
Agathe;Torres;LYON;69002;04.91.03.33.18;agathe.torres@server.fr;informaticien
Agathe-Philippine;Picard;;;04.04.17.26.09;;ouvrier
Agnes;Benard-Colas;ST ETIENNE;42100;04.37.93.46.69;agnes.benard-colas@server.fr;
Agnes;Blondel;BORDEAUX;33200;05.21.80.73.37;;footballeur
Agnes;Briand-Letellier;;;01.21.04.39.11;;chercheur
Agnes;Buisson;PARIS;75005;01.21.59.85.57;agnes.buisson@server.fr;footballeur
Agnes;de Bouvier;;;04.23.39.76.88;agnes.de-bouvier@server.fr;avocat
Agnes;de la Bertrand;;;04.09.24.94.07;agnes.de-la-bertrand@server.fr;agriculteur
Agnes;de Rolland;STRASBOURG;67200;03.23.91.55.95;agnes.de-rolland@server.fr;
Agnes;Dubois;;;01.14.51.14.52;agnes.dubois@server.fr;
Agnes;Etienne du Guillon;MARSEILLE;13016;04.67.57.41.40;;
Agnes;Fournier;ST ETIENNE;42100;04.46.47.49.47;agnes.fournier@server.fr;comptable
Agnes;Le Charpentier;LYON;69001;04.91.86.62.34;agnes.le-charpentier@server.fr;barman
;Le Petit;TOULOUSE;31100;05.79.54.22.39;agnes.le-petit@server.fr;
Agnes;Leblanc;NICE;6200;04.20.55.93.05;agnes.leblanc@server.fr;comptable
Agnes;Leconte;TOULOUSE;31200;05.31.62.21.78;agnes.leconte@server.fr;
;Lopez;LILLE;59160;03.66.29.04.10;agnes.lopez@server.fr;
Agnes;Maillot;NANTES;44200;02.77.59.23.59;agnes.maillot@server.fr;acteur
Agnes;Mary-Thomas;PARIS;75010;01.19.96.67.44;agnes.mary-thomas@server.fr;
Agnes;Roger;PARIS;75005;01.51.64.90.63;;medecin
Agnes;Rousseau;PARIS;75009;01.51.35.60.46;agnes.rousseau@server.fr;
Agnes;Rousseau;VILLEURBANNE;69100;04.16.15.77.95;agnes.rousseau@server.fr;boulanger
Agnes;Tessier;NICE;6200;04.95.66.55.43;agnes.tessier@server.fr;boulanger
Agnes;Thomas;TOULON;83000;04.53.42.42.64;agnes.thomas@server.fr;acteur
Agnes-Colette;Fouquet;BORDEAUX;33300;05.37.75.27.27;agnes-colette.fouquet@server.fr;avocat
Aime;Becker;PARIS;75116;01.30.86.43.76;aime.becker@server.fr;chauffeur
Aime;Besson;VILLEURBANNE;69100;04.20.54.82.82;aime.besson@server.fr;enseignant
Aime;Boucher;NANTES;44100;02.88.88.13.84;aime.boucher@server.fr;acteur
Aime;Chartier;;;01.43.74.14.13;;technicien
Aime;Collin;CHAMPAGNE-AU-MONT-D'OR;69410;04.69.13.38.27;aime.collin@server.fr;medecin
Aime;Coulon;SAINT-DENIS;93210;01.73.45.38.01;aime.coulon@server.fr;
Aime;Coulon;SAINT-DENIS;93210;01.76.45.76.79;aime.coulon@server.fr;cuisinier
;de la Lemoine;NICE;6200;04.30.81.71.05;aime.de-la-lemoine@server.fr;chercheur
Aime;de Poulain;PARIS;75116;01.05.23.22.77;aime.de-poulain@server.fr;
Aime;De Sousa-Andre;LE HAVRE;76600;02.99.28.57.52;aime.de-sousa-andre@server.fr;ouvrier
Aime;Didier de Le Gall;;;05.30.54.91.53;aime.didier-de-le-gall@server.fr;barman
Aime;du Monnier;PARIS;75007;01.85.75.65.86;aime.du-monnier@server.fr;
;Gerard de la Barthelemy;PARIS;75004;01.82.81.87.15;aime.gerard-de-la-barthelemy@server.fr;
Aime;Germain de la Petit;PARIS;75012;01.46.28.20.74;aime.germain-de-la-petit@server.fr;
Aime;Gilles;TOULOUSE;31000;05.28.76.83.15;aime.gilles@server.fr;medecin
Aime;Gilles-Thierry;MARSEILLE;13013;04.16.35.60.80;aime.gilles-thierry@server.fr;
Aime;Goncalves-Cordier;MARSEILLE;13007;04.88.53.11.40;aime.goncalves-cordier@server.fr;agriculteur
Aime;Hebert;;;03.63.99.34.12;aime.hebert@server.fr;militaire
Aime;Jourdan;NANTES;44100;02.42.47.52.70;aime.jourdan@server.fr;
;Launay;LE HAVRE;76620;02.89.27.30.48;aime.launay@server.fr;
Aime;Le Menard;PARIS;75009;01.01.11.74.78;aime.le-menard@server.fr;enseignant
;Le Roux;LYON;69009;04.51.84.07.15;;
;Loiseau;PARIS;75008;01.23.87.57.36;aime.loiseau@server.fr;
Aime;Mace;;;04.40.53.96.83;aime.mace@server.fr;ouvrier
;Masson;MARSEILLE;13011;04.81.59.11.96;aime.masson@server.fr;comptable
;Perrier-Guichard;PARIS;75018;01.80.22.59.36;aime.perrier-guichard@server.fr;footballeur
Aime;Petit;;;05.33.73.33.10;aime.petit@server.fr;
;Pierre;LE HAVRE;76600;02.20.50.36.14;aime.pierre@server.fr;chauffeur
;Pottier;;;05.76.32.20.49;aime.pottier@server.fr;journaliste
Aime;Regnier;LE HAVRE;76610;02.73.70.81.80;aime.regnier@server.fr;
Aime;Roussel;MARSEILLE;13008;04.30.47.52.03;aime.roussel@server.fr;barman
;Royer Le Martel;PARIS;75004;01.16.24.09.39;aime.royer-le-martel@server.fr;technicien
Aime;Ruiz;PARIS;75017;01.01.51.90.02;aime.ruiz@server.fr;technicien
;Ruiz Le Picard;MARSEILLE;13013;04.70.43.52.06;aime.ruiz-le-picard@server.fr;
Aime;Torres;PARIS;75017;01.38.11.26.08;aime.torres@server.fr;chauffeur
Aime;Toussaint-Lenoir;MARSEILLE;13013;04.25.31.87.62;aime.toussaint-lenoir@server.fr;cuisinier
Aime;Vallet;TOULOUSE;31300;05.25.11.64.21;aime.vallet@server.fr;
;Vincent;PARIS;75004;01.32.82.21.66;aime.vincent@server.fr;boulanger
Aime-Jacques;Leduc;PARIS;75002;01.20.36.44.26;aime-jacques.leduc@server.fr;
;Dubois;STRASBOURG;67200;03.20.81.53.76;aime-raymond.dubois@server.fr;footballeur
Aime-Thibaut;Germain;PARIS;75017;01.07.82.58.28;aime-thibaut.germain@server.fr;acteur
Aimee;Bonneau;;;05.14.98.82.95;aimee.bonneau@server.fr;cuisinier
;Carlier;TOULON;83000;04.60.26.37.13;aimee.carlier@server.fr;boulanger
;de la Bernier;PARIS;75001;01.01.80.86.41;aimee.de-la-bernier@server.fr;ouvrier
Aimee;De Sousa;MARSEILLE;13003;04.63.22.17.12;aimee.de-sousa@server.fr;
Aimee;du Maillot;;;05.50.14.92.65;aimee.du-maillot@server.fr;chef d'entreprise
Aimee;Dupont;TOULOUSE;31000;05.73.81.26.48;aimee.dupont@server.fr;enseignant
Aimee;Guillot;STRASBOURG;67200;03.88.16.07.81;;
;Jacquet;RENNES;35000;02.65.60.96.81;;banquier
Aimee;Klein;;;01.62.25.45.13;aimee.klein@server.fr;chauffeur
Aimee;Laurent de Potier;;;01.82.88.03.61;aimee.laurent-de-potier@server.fr;
Aimee;Le Guichard;LYON;69009;04.38.68.45.59;aimee.le-guichard@server.fr;
;Le Laine;PARIS;75014;01.08.74.30.76;;cuisinier
;Mace-Lemonnier;;;05.11.73.43.64;aimee.mace-lemonnier@server.fr;
Aimee;Marchal;LYON;69001;04.49.62.16.61;aimee.marchal@server.fr;cuisinier
;Martin;LE HAVRE;76610;02.33.29.34.52;aimee.martin@server.fr;chercheur
Aimee;Morin;PARIS;75001;01.05.25.84.27;aimee.morin@server.fr;
Aimee;Royer;CALUIRE-ET-CUIRE;69300;04.77.66.84.46;aimee.royer@server.fr;
Aimee;Teixeira;MONTPELLIER;34090;04.49.34.01.96;aimee.teixeira@server.fr;technicien
;Verdier;PARIS;75006;01.04.11.57.29;aimee.verdier@server.fr;
Aimee-Luce;Benard;PARIS;75015;01.78.08.87.04;aimee-luce.benard@server.fr;technicien
;Seguin;MARSEILLE;13016;04.61.64.78.66;aimee-sylvie.seguin@server.fr;architecte
Alain;Allard;TOULOUSE;31000;05.52.67.46.27;alain.allard@server.fr;chercheur
Alain;Alves;TOULOUSE;31500;05.40.65.96.84;alain.alves@server.fr;militaire
Alain;Barre;MARSEILLE;13013;04.87.89.66.69;alain.barre@server.fr;chercheur
Alain;Benard de la Leger;;;04.99.41.32.36;alain.benard-de-la-leger@server.fr;footballeur
Alain;Besnard;;;01.42.34.72.65;alain.besnard@server.fr;acteur
;Clement;MONTPELLIER;34070;04.80.96.86.97;alain.clement@server.fr;technicien
Alain;Couturier;BORDEAUX;33300;05.25.67.95.51;alain.couturier@server.fr;
Alain;de Monnier;MARSEILLE;13009;04.26.76.04.59;alain.de-monnier@server.fr;acteur
Alain;Delorme;NICE;6000;04.36.09.23.68;;journaliste
Alain;Dos Santos Le Giraud;SAINT-DENIS;93210;01.50.16.63.29;alain.dos-santos-le-giraud@server.fr;journaliste
;du Merle;;;01.77.75.05.26;alain.du-merle@server.fr;technicien
Alain;Gosselin;VILLEURBANNE;69100;04.88.92.41.69;alain.gosselin@server.fr;medecin
Alain;Launay;;;04.64.26.37.67;alain.launay@server.fr;enseignant
Alain;Lecoq;;;04.63.83.55.75;alain.lecoq@server.fr;
Alain;Lefebvre;PARIS;75008;01.81.42.73.01;alain.lefebvre@server.fr;militaire
Alain;Lefevre;TOULOUSE;31500;05.15.21.53.95;alain.lefevre@server.fr;informaticien
Alain;Legrand;MONTPELLIER;34000;04.07.02.73.78;alain.legrand@server.fr;chef d'entreprise
Alain;Marie;TOULOUSE;31300;05.27.46.66.05;alain.marie@server.fr;
Alain;Menard-Mace;LILLE;59260;03.31.33.75.13;alain.menard-mace@server.fr;boulanger
Alain;Pineau;TOULON;83000;04.44.03.00.84;alain.pineau@server.fr;journaliste
Alain;Rousseau;;;02.58.00.44.67;alain.rousseau@server.fr;
Alain;Roussel;;;05.34.15.65.99;alain.roussel@server.fr;
;Sanchez;NANTES;44100;02.82.53.48.16;alain.sanchez@server.fr;informaticien
Alain;Simon;LYON;69002;04.26.28.92.01;alain.simon@server.fr;journaliste
Alain;Vaillant;LYON;69009;04.21.80.58.23;alain.vaillant@server.fr;
Alain;Voisin;MONTPELLIER;34000;04.98.04.41.59;alain.voisin@server.fr;
Alain-Gerard;Duval;TOULOUSE;31000;05.35.23.37.07;alain-gerard.duval@server.fr;
Alain-Nicolas;Colin;TOULOUSE;31100;05.74.76.00.20;alain-nicolas.colin@server.fr;
Alain-Theophile;Leleu;RENNES;35000;02.02.72.69.15;alain-theophile.leleu@server.fr;
Alex;Allain;LYON;69009;04.44.61.44.48;alex.allain@server.fr;banquier
Alex;Aubert Le Guyon;STRASBOURG;67100;03.00.37.67.72;alex.aubert-le-guyon@server.fr;
Alex;Aubry;MARSEILLE;13009;04.24.90.19.52;alex.aubry@server.fr;boulanger
Alex;Bourdon;;;04.96.56.43.63;alex.bourdon@server.fr;
;Brun;;;04.30.56.66.17;alex.brun@server.fr;informaticien
Alex;Brun;NICE;6200;04.89.06.05.74;alex.brun@server.fr;
Alex;Charles-Martin;;;03.04.50.56.12;alex.charles-martin@server.fr;chercheur
Alex;Dufour;LYON;69008;04.86.11.11.30;alex.dufour@server.fr;
;Faure;MARSEILLE;13013;04.82.41.45.30;alex.faure@server.fr;
;Lagarde du Perrier;STRASBOURG;67000;03.07.12.74.81;alex.lagarde-du-perrier@server.fr;informaticien
Alex;Leclercq;MARSEILLE;13013;04.90.18.97.58;alex.leclercq@server.fr;cuisinier
Alex;Mace du Ollivier;LYON;69003;04.45.18.40.52;;chauffeur
;Maillot de la Jacob;MARSEILLE;13008;04.26.67.92.19;;
Alex;Marie;RENNES;35000;02.09.16.06.98;alex.marie@server.fr;comptable
Alex;Raymond;PIERRE BENITE;69310;04.80.76.61.22;alex.raymond@server.fr;
Alex;Raynaud;MARSEILLE;13013;04.69.71.50.48;alex.raynaud@server.fr;ouvrier
Alex;Sauvage;MARSEILLE;13015;04.14.29.68.84;alex.sauvage@server.fr;boulanger
Alex;Valette;;;01.89.49.60.73;alex.valette@server.fr;
;Vallet;MARSEILLE;13008;04.57.49.59.61;alex.vallet@server.fr;
Alex-Elodie;Giraud;;;02.82.02.61.96;alex-elodie.giraud@server.fr;
;Mary;;;04.05.38.17.46;alex-gabrielle.mary@server.fr;ouvrier
Alexandre;Berthelot;;;04.26.36.82.16;alexandre.berthelot@server.fr;
Alexandre;Cousin-Bodin;TOULOUSE;31200;05.02.34.46.12;alexandre.cousin-bodin@server.fr;
Alexandre;de la Aubry;;;04.88.75.16.89;alexandre.de-la-aubry@server.fr;ouvrier
Alexandre;Dos Santos de la Pereira;SAINT-DENIS;93210;01.27.04.63.81;;
;Dupuy;MARSEILLE;13013;04.76.46.77.16;alexandre.dupuy@server.fr;
Alexandre;Faivre;AIX-EN-PROVENCE;13080;04.39.63.79.79;alexandre.faivre@server.fr;
Alexandre;Fernandez;BRON;69500;04.98.06.28.62;alexandre.fernandez@server.fr;journaliste
Alexandre;Gay;MARSEILLE;13011;04.35.99.08.15;alexandre.gay@server.fr;
Alexandre;Georges;TOULON;83100;04.62.22.87.52;alexandre.georges@server.fr;enseignant
Alexandre;Guilbert;;;04.11.44.26.88;;
Alexandre;Guillot;;;03.07.86.21.80;alexandre.guillot@server.fr;
;Jacques du Gonzalez;;;04.78.51.90.93;alexandre.jacques-du-gonzalez@server.fr;agriculteur
Alexandre;Lacombe;MARSEILLE;13002;04.40.27.16.93;alexandre.lacombe@server.fr;banquier
Alexandre;Lambert;MARSEILLE;13001;04.89.73.57.01;;
Alexandre;Le Ruiz;MARSEILLE;13002;04.68.14.33.59;alexandre.le-ruiz@server.fr;agriculteur
Alexandre;Marchal;MONTPELLIER;34070;04.08.73.00.09;alexandre.marchal@server.fr;
Alexandre;Marechal;;;04.17.09.84.10;alexandre.marechal@server.fr;
Alexandre;Robert;;;04.57.43.03.13;alexandre.robert@server.fr;
Alexandre;Rolland;LYON;69003;04.71.46.90.17;alexandre.rolland@server.fr;
Alexandre;Roussel de la Rodrigues;NICE;6200;04.27.43.25.10;alexandre.roussel-de-la-rodrigues@server.fr;
Alexandre-Gilbert;Lesage;PARIS;75008;01.63.00.32.86;alexandre-gilbert.lesage@server.fr;
Alexandre-Luc;Daniel;PARIS;75004;01.88.19.10.32;alexandre-luc.daniel@server.fr;journaliste
Alexandre-Marcel;Toussaint;NICE;6200;04.23.98.14.31;alexandre-marcel.toussaint@server.fr;technicien
;Barbier-Ramos;LYON;69001;04.40.59.10.79;;journaliste
Alexandria;Bazin;;;04.12.05.72.76;alexandria.bazin@server.fr;
;Bernier;;;04.32.82.55.94;alexandria.bernier@server.fr;architecte
Alexandria;Bodin;;;04.37.81.65.90;alexandria.bodin@server.fr;journaliste
Alexandria;Colin;MARSEILLE;13010;04.09.41.85.45;alexandria.colin@server.fr;cuisinier
Alexandria;Coulon-Texier;PARIS;75017;01.98.01.27.06;alexandria.coulon-texier@server.fr;
Alexandria;de la Baron;;;04.58.17.59.52;alexandria.de-la-baron@server.fr;journaliste
Alexandria;de la Bruneau;MARSEILLE;13016;04.11.51.02.06;alexandria.de-la-bruneau@server.fr;cuisinier
Alexandria;Diallo-Dumont;;;04.11.87.92.94;alexandria.diallo-dumont@server.fr;chef d'entreprise
Alexandria;du Coulon;PARIS;75017;01.18.91.77.95;alexandria.du-coulon@server.fr;chauffeur
Alexandria;Faure;;;04.24.19.53.02;alexandria.faure@server.fr;
Alexandria;Godard;MARSEILLE;13009;04.32.97.72.07;;
Alexandria;Gonzalez;;;04.13.62.12.82;alexandria.gonzalez@server.fr;journaliste
Alexandria;Gosselin;;;04.52.28.51.41;;medecin
Alexandria;Le Dias;MARSEILLE;13013;04.99.96.17.09;alexandria.le-dias@server.fr;journaliste
Alexandria;Lemaire Le Ramos;;;04.64.36.21.19;alexandria.lemaire-le-ramos@server.fr;informaticien
Alexandria;Mallet;TOULOUSE;31100;05.29.42.58.61;alexandria.mallet@server.fr;enseignant
Alexandria;Martins;NANTES;44200;02.55.57.55.23;alexandria.martins@server.fr;
;Masson;PARIS;75008;01.24.28.35.08;alexandria.masson@server.fr;
Alexandria;Wagner;;;03.03.38.95.91;alexandria.wagner@server.fr;
Alexandria-Agathe;Hoareau;BORDEAUX;33000;05.48.64.19.45;alexandria-agathe.hoareau@server.fr;
Alexandrie;Antoine;PARIS;75002;01.75.88.57.29;alexandrie.antoine@server.fr;medecin
Alexandrie;Aubry;;;01.01.64.64.43;alexandrie.aubry@server.fr;informaticien
Alexandrie;Bailly-Bouchet;;;05.82.35.03.16;alexandrie.bailly-bouchet@server.fr;
Alexandrie;Carlier;MARSEILLE;13014;04.00.52.13.99;alexandrie.carlier@server.fr;architecte
Alexandrie;Chretien;LILLE;59000;03.35.41.71.71;alexandrie.chretien@server.fr;
Alexandrie;de Guichard;AIX-EN-PROVENCE;13090;04.04.18.39.29;alexandrie.de-guichard@server.fr;agriculteur
Alexandrie;de la Hamel;TOULOUSE;31400;05.31.63.92.25;alexandrie.de-la-hamel@server.fr;avocat
;Guibert;NICE;6000;04.17.04.68.79;alexandrie.guibert@server.fr;informaticien
Alexandrie;Launay;;;04.34.53.22.37;alexandrie.launay@server.fr;informaticien
Alexandrie;Le Faivre;RILLIEUX LA PAPE;69140;04.31.08.19.04;alexandrie.le-faivre@server.fr;technicien
Alexandrie;Le Marchal;PARIS;75005;01.66.28.54.28;alexandrie.le-marchal@server.fr;banquier
;Le Roux-Chartier;LE HAVRE;76610;02.07.31.00.11;alexandrie.le-roux-chartier@server.fr;
Alexandrie;Marion;;;04.75.11.00.27;;
Alexandrie;Meunier;MARSEILLE;13008;04.66.78.96.52;alexandrie.meunier@server.fr;agriculteur
Alexandrie;Morel;;;04.67.41.80.33;alexandrie.morel@server.fr;
;Rocher;;;03.35.03.89.15;alexandrie.rocher@server.fr;chef d'entreprise
Alexandrie;Texier;MONTPELLIER;34070;04.41.52.37.43;alexandrie.texier@server.fr;enseignant
Alexandrie;Torres;;;01.86.98.57.29;alexandrie.torres@server.fr;chef d'entreprise
Alexandrie-Constance;Gillet;MARSEILLE;13008;04.50.15.63.01;alexandrie-constance.gillet@server.fr;militaire
Alfred;Antoine;;;05.97.93.07.96;alfred.antoine@server.fr;
Alfred;Aubry;NICE;6200;04.09.59.21.48;alfred.aubry@server.fr;
Alfred;Benoit;MARSEILLE;13001;04.71.06.04.24;alfred.benoit@server.fr;
;Benoit-Pereira;PARIS;75010;01.01.51.44.10;alfred.benoit-pereira@server.fr;comptable
Alfred;Bousquet-Maillot;BORDEAUX;33000;05.14.49.59.99;;footballeur
Alfred;Boutin;;;01.80.43.95.99;alfred.boutin@server.fr;militaire
Alfred;Boutin de Leblanc;MONTPELLIER;34070;04.60.27.85.59;alfred.boutin-de-leblanc@server.fr;avocat
Alfred;Boutin-Gosselin;MARSEILLE;13014;04.99.02.61.20;alfred.boutin-gosselin@server.fr;
Alfred;Briand;NICE;6000;04.04.56.99.19;alfred.briand@server.fr;
;Brunel du Brun;BORDEAUX;33300;05.73.69.91.78;alfred.brunel-du-brun@server.fr;
Alfred;Charles;PARIS;75010;01.75.50.81.26;alfred.charles@server.fr;technicien
Alfred;Chretien de Gillet;NANTES;44200;02.09.27.81.32;alfred.chretien-de-gillet@server.fr;chef d'entreprise
Alfred;de Carre;GRENOBLE;38000;04.45.51.12.86;alfred.de-carre@server.fr;
Alfred;de la Buisson;PARIS;75008;01.90.50.93.33;alfred.de-la-buisson@server.fr;journaliste
Alfred;de la Paul;;;04.27.94.26.89;;
Alfred;de Raynaud;PARIS;75018;01.44.89.90.14;alfred.de-raynaud@server.fr;
Alfred;Deschamps;;;04.01.46.76.88;alfred.deschamps@server.fr;barman
Alfred;du Fernandes;;;01.26.01.68.47;alfred.du-fernandes@server.fr;chercheur
Alfred;Francois;;;01.96.98.91.08;alfred.francois@server.fr;avocat
Alfred;Gros;;;01.26.00.66.74;;
Alfred;Hoarau;;;01.16.39.74.44;alfred.hoarau@server.fr;comptable
Alfred;Jacquet;BORDEAUX;33200;05.36.76.30.67;alfred.jacquet@server.fr;barman
Alfred;Lagarde-Roussel;PARIS;75015;01.67.67.21.16;alfred.lagarde-roussel@server.fr;
Alfred;Ledoux;;;05.23.20.12.09;alfred.ledoux@server.fr;
Alfred;Lefebvre;STRASBOURG;67200;03.91.67.54.82;alfred.lefebvre@server.fr;architecte
Alfred;Lemonnier;STRASBOURG;67200;03.62.29.55.80;alfred.lemonnier@server.fr;agriculteur
Alfred;Maillot;;;01.28.16.52.82;alfred.maillot@server.fr;
;Marie;SAINT-DENIS;93200;01.18.06.75.31;alfred.marie@server.fr;
Alfred;Marty;MARSEILLE;13016;04.59.24.17.00;alfred.marty@server.fr;banquier
;Meunier;PARIS;75009;01.90.40.34.47;alfred.meunier@server.fr;footballeur
Alfred;Peron;;;01.33.97.96.18;alfred.peron@server.fr;
Alfred;Ramos;MARSEILLE;13006;04.49.52.70.07;alfred.ramos@server.fr;
Alfred;Rossi;MARSEILLE;13001;04.61.36.58.68;alfred.rossi@server.fr;banquier
Alfred;Schneider;TOULON;83100;04.86.88.62.83;alfred.schneider@server.fr;
Alfred;Thibault;TOULOUSE;31000;05.34.21.41.83;alfred.thibault@server.fr;banquier
Alfred-Augustin;Perrin;;;04.51.41.25.97;alfred-augustin.perrin@server.fr;
;Gros;TOULOUSE;31000;05.69.14.91.15;alfred-christophe.gros@server.fr;
Alfred-Richard;Hamel;NICE;6200;04.91.30.33.42;alfred-richard.hamel@server.fr;ouvrier
;Allain;NANTES;44000;02.95.40.33.81;alice.allain@server.fr;enseignant
Alice;Briand;MARSEILLE;13011;04.04.17.21.28;alice.briand@server.fr;enseignant
Alice;Delahaye;;;01.51.73.11.65;alice.delahaye@server.fr;
;du Legendre;;;05.02.26.14.42;alice.du-legendre@server.fr;
Alice;du Paris;TOULOUSE;31100;05.28.76.34.50;;
;Georges;LYON;69007;04.62.95.35.39;alice.georges@server.fr;cuisinier
Alice;Gillet;;;04.58.32.24.52;;
Alice;Giraud;;;02.36.31.83.52;alice.giraud@server.fr;informaticien
Alice;Gonzalez;LYON;69002;04.39.44.24.49;alice.gonzalez@server.fr;
Alice;Grenier de la Roy;;;04.01.41.61.67;alice.grenier-de-la-roy@server.fr;banquier
Alice;Le Becker;;;04.61.88.22.48;alice.le-becker@server.fr;agriculteur
;Le Roux;LE HAVRE;76610;02.81.86.42.35;alice.le-roux@server.fr;cuisinier
Alice;Leger;;;04.66.58.36.85;alice.leger@server.fr;journaliste
Alice;Martineau;;;04.21.37.85.91;alice.martineau@server.fr;journaliste
Alice;Mercier;;;01.53.30.72.25;alice.mercier@server.fr;barman
Alice;Ramos;LYON;69005;04.07.37.22.28;alice.ramos@server.fr;
;Remy de la Royer;MONTPELLIER;34090;04.67.91.78.03;alice.remy-de-la-royer@server.fr;
Alice;Wagner du Boucher;;;01.39.92.83.72;alice.wagner-du-boucher@server.fr;chercheur
Alix;Barthelemy;MARSEILLE;13013;04.01.04.11.37;alix.barthelemy@server.fr;
Alix;Bertin;;;03.14.79.89.03;alix.bertin@server.fr;ouvrier
Alix;de Caron;RILLIEUX LA PAPE;69140;04.08.16.30.37;;
Alix;de Roy;LE HAVRE;76610;02.69.05.75.92;alix.de-roy@server.fr;
Alix;Foucher;;;04.80.47.40.44;alix.foucher@server.fr;cuisinier
Alix;Guichard de Goncalves;MARSEILLE;13013;04.91.49.58.75;alix.guichard-de-goncalves@server.fr;agriculteur
Alix;Klein;MARSEILLE;13012;04.95.83.40.12;alix.klein@server.fr;
;Labbe;LILLE;59260;03.56.61.03.58;alix.labbe@server.fr;
;Loiseau;;;01.90.99.72.25;alix.loiseau@server.fr;chef d'entreprise
Alix;Michel;MARSEILLE;13003;04.78.09.10.87;alix.michel@server.fr;chercheur
;Peron-Leblanc;;;04.16.54.48.14;alix.peron-leblanc@server.fr;acteur
Alix;Rey;MARSEILLE;13016;04.13.15.63.49;alix.rey@server.fr;
Alix;Robin-Hamon;MARSEILLE;13013;04.64.69.03.27;alix.robin-hamon@server.fr;
;Weber;MARSEILLE;13013;04.07.51.11.88;alix-daisy.weber@server.fr;
Alix-Elisabeth;Buisson;SAINT-DENIS;93210;01.86.31.55.30;alix-elisabeth.buisson@server.fr;barman
Alix-Margot;Lenoir;MARSEILLE;13006;04.14.13.08.76;alix-margot.lenoir@server.fr;
Alphonse;Antoine;NICE;6200;04.06.48.44.74;alphonse.antoine@server.fr;architecte
Alphonse;Bourgeois-Guillaume;MARSEILLE;13013;04.08.94.59.07;alphonse.bourgeois-guillaume@server.fr;chercheur
Alphonse;Clement;;;04.33.68.83.36;alphonse.clement@server.fr;cuisinier
Alphonse;du Charrier;MARSEILLE;13012;04.06.24.57.03;alphonse.du-charrier@server.fr;
Alphonse;Fabre;RENNES;35000;02.69.65.01.55;alphonse.fabre@server.fr;enseignant
;Georges;MARSEILLE;13001;04.07.57.55.95;alphonse.georges@server.fr;agriculteur
;Gosselin;TOULON;83100;04.66.61.71.64;alphonse.gosselin@server.fr;
Alphonse;Guillot de Perrot;TOULOUSE;31200;05.33.44.17.62;alphonse.guillot-de-perrot@server.fr;chef d'entreprise
Alphonse;Lacombe;;;04.77.96.62.11;alphonse.lacombe@server.fr;chauffeur
Alphonse;Le Laurent;MARSEILLE;13001;04.37.01.75.15;alphonse.le-laurent@server.fr;
Alphonse;Lebon;;;05.87.11.24.36;alphonse.lebon@server.fr;chef d'entreprise
Alphonse;Lefevre-Pages;MARSEILLE;13008;04.08.42.18.51;alphonse.lefevre-pages@server.fr;
Alphonse;Loiseau;LILLE;59260;03.79.21.22.43;;footballeur
;Marion;MARSEILLE;13013;04.92.80.22.32;alphonse.marion@server.fr;
Alphonse;Mathieu Le Blondel;;;05.27.73.52.13;alphonse.mathieu-le-blondel@server.fr;
Alphonse;Munoz;;;05.30.20.19.07;alphonse.munoz@server.fr;
Alphonse;Perrin;;;01.66.96.66.80;alphonse.perrin@server.fr;agriculteur
Alphonse;Regnier;;;04.68.64.63.07;alphonse.regnier@server.fr;footballeur
;Tessier;;;04.18.70.23.54;alphonse.tessier@server.fr;ouvrier
Alphonse;Thibault;LYON;69007;04.71.31.48.39;alphonse.thibault@server.fr;footballeur
Alphonse;Vallet;MARSEILLE;13013;04.78.30.92.16;alphonse.vallet@server.fr;acteur
Alphonse;Verdier de Georges;;;02.89.92.10.54;alphonse.verdier-de-georges@server.fr;ouvrier
Alphonse-David;Rey;;;04.35.25.89.60;alphonse-david.rey@server.fr;
Alphonse-Julien;Hamel;RENNES;35200;02.51.76.45.49;alphonse-julien.hamel@server.fr;avocat
Alphonse-Noel;Collet;MONTPELLIER;34070;04.67.96.38.40;;
Amelie;Bailly;BORDEAUX;33300;05.78.06.03.54;amelie.bailly@server.fr;
Amelie;Blin;;;04.62.42.46.17;amelie.blin@server.fr;journaliste
Amelie;Bouchet;LILLE;59260;03.01.99.77.64;amelie.bouchet@server.fr;technicien
Amelie;Bourdon;MARSEILLE;13013;04.09.32.32.20;amelie.bourdon@server.fr;chercheur
Amelie;Bourdon;NICE;6200;04.40.01.01.14;amelie.bourdon@server.fr;militaire
Amelie;Ferrand;;;04.86.09.88.25;amelie.ferrand@server.fr;architecte
Amelie;Fleury;MARSEILLE;13013;04.74.95.40.71;amelie.fleury@server.fr;chercheur
Amelie;Guilbert;;;04.56.49.57.61;amelie.guilbert@server.fr;chercheur
Amelie;Joly;PARIS;75008;01.38.71.13.58;amelie.joly@server.fr;banquier
Amelie;Jourdan;PARIS;75011;01.25.24.56.63;amelie.jourdan@server.fr;
Amelie;Klein;TOULOUSE;31200;05.48.32.12.95;amelie.klein@server.fr;barman
;Le Goff;;;04.83.63.91.50;amelie.le-goff@server.fr;
;Le Pereira;;;01.61.71.08.00;amelie.le-pereira@server.fr;
Amelie;Le Riviere;;;02.40.25.25.35;amelie.le-riviere@server.fr;journaliste
Amelie;Leblanc du Allain;MARSEILLE;13013;04.56.06.40.12;amelie.leblanc-du-allain@server.fr;chef d'entreprise
Amelie;Ledoux;LILLE;59260;03.46.35.81.49;amelie.ledoux@server.fr;enseignant
Amelie;Lemaitre de Berthelot;TOULOUSE;31300;05.74.49.05.56;amelie.lemaitre-de-berthelot@server.fr;journaliste
Amelie;Masson-Thierry;NICE;6000;04.28.85.44.54;amelie.masson-thierry@server.fr;avocat
Amelie;Michaud;TOULOUSE;31100;05.93.12.47.19;amelie.michaud@server.fr;agriculteur
Amelie;Muller-Denis;MARSEILLE;13004;04.24.26.56.83;amelie.muller-denis@server.fr;
Amelie;Schmitt;;;04.82.23.77.64;amelie.schmitt@server.fr;acteur
Amelie-Celina;Leveque;;;02.80.88.90.31;amelie-celina.leveque@server.fr;
Amelie-Penelope;Berthelot;;;04.23.60.66.60;amelie-penelope.berthelot@server.fr;
Amelie-Penelope;Lefevre;PARIS;75002;01.96.81.30.84;amelie-penelope.lefevre@server.fr;agriculteur
Anais;Blanchet;;;01.85.73.18.11;anais.blanchet@server.fr;
Anais;de la Paul;BORDEAUX;33300;05.51.67.15.68;anais.de-la-paul@server.fr;barman
Anais;Foucher-Carlier;LYON;69004;04.12.60.02.33;anais.foucher-carlier@server.fr;
;Germain;NICE;6200;04.68.05.38.94;anais.germain@server.fr;
Anais;Gilbert;NANTES;44300;02.82.56.25.27;anais.gilbert@server.fr;militaire
Anais;Godard;;;04.97.62.79.63;anais.godard@server.fr;
Anais;Joly-Guyon;;;04.47.56.99.90;anais.joly-guyon@server.fr;journaliste
Anais;Lemonnier;;;05.48.33.31.04;anais.lemonnier@server.fr;avocat
;Mahe;MARSEILLE;13001;04.36.03.59.49;anais.mahe@server.fr;
Anais;Marie;MARSEILLE;13008;04.58.16.00.36;anais.marie@server.fr;
Anais;Martineau-Dumas;MARSEILLE;13004;04.25.18.62.69;anais.martineau-dumas@server.fr;ouvrier
;Martins;NICE;6200;04.41.68.87.73;anais.martins@server.fr;chercheur
Anais;Michel;AIX-EN-PROVENCE;13080;04.05.59.15.65;anais.michel@server.fr;barman
Anais;Rossi;NANTES;44100;02.30.06.32.29;anais.rossi@server.fr;
Anais-Audrey;Dupuis;;;05.92.06.84.81;anais-audrey.dupuis@server.fr;
Anais-Gabrielle;Alves;CHAMPAGNE-AU-MONT-D'OR;69410;04.16.05.05.90;anais-gabrielle.alves@server.fr;militaire
Anais-Maggie;Fischer;;;01.57.69.81.07;anais-maggie.fischer@server.fr;medecin
Anastasie;Bigot;;;01.14.71.71.18;anastasie.bigot@server.fr;
Anastasie;Coulon;PARIS;75019;01.85.19.42.46;anastasie.coulon@server.fr;chercheur
Anastasie;Duhamel;;;04.75.90.89.10;;journaliste
Anastasie;Francois;LYON;69009;04.19.66.15.26;anastasie.francois@server.fr;
Anastasie;Humbert;;;01.03.87.21.42;anastasie.humbert@server.fr;
Anastasie;Jacquot;PARIS;75014;01.90.35.82.08;anastasie.jacquot@server.fr;
Anastasie;Lambert;PARIS;75015;01.69.66.96.51;anastasie.lambert@server.fr;acteur
Anastasie;Le Boulay;PARIS;75001;01.97.71.81.75;anastasie.le-boulay@server.fr;
Anastasie;Le Boulay;MARSEILLE;13016;04.00.55.30.91;anastasie.le-boulay@server.fr;chercheur
;Leblanc du Perez;BORDEAUX;33000;05.45.89.19.03;anastasie.leblanc-du-perez@server.fr;
;Louis;PARIS;75015;01.66.95.00.85;anastasie.louis@server.fr;cuisinier
Anastasie;Marion;NANTES;44300;02.93.52.85.09;anastasie.marion@server.fr;
;Marques;PARIS;75020;01.42.96.05.89;anastasie.marques@server.fr;architecte
Anastasie;Noel;RENNES;35700;02.19.03.98.55;anastasie.noel@server.fr;cuisinier
Anastasie;Renaud de Michaud;PARIS;75008;01.27.10.68.31;anastasie.renaud-de-michaud@server.fr;chercheur
Anastasie;Rossi;LYON;69006;04.84.43.34.10;anastasie.rossi@server.fr;
Anastasie;Vidal;MARSEILLE;13001;04.93.18.60.87;anastasie.vidal@server.fr;
Anastasie-Alice;Gimenez;PARIS;75003;01.24.57.14.68;anastasie-alice.gimenez@server.fr;footballeur
Anastasie-Audrey;Perrier;LYON;69007;04.60.75.80.12;;cuisinier
Anastasie-Catherine;Millet;;;04.65.06.91.11;;
Anastasie-Frederique;Vincent;MARSEILLE;13008;04.05.48.15.70;;
Andre;Becker;PARIS;75008;01.99.22.84.55;;
Andre;Berthelot-Lefebvre;PARIS;75006;01.10.20.05.90;andre.berthelot-lefebvre@server.fr;chercheur
;Bourgeois;;;04.66.50.42.62;;chauffeur
Andre;Charles;TOULOUSE;31300;05.26.30.46.39;andre.charles@server.fr;
;Couturier;PARIS;75014;01.14.91.86.38;andre.couturier@server.fr;cuisinier
Andre;de Daniel;;;01.55.39.06.12;andre.de-daniel@server.fr;medecin
Andre;du De Sousa;VILLEURBANNE;69100;04.93.41.24.75;andre.du-de-sousa@server.fr;avocat
Andre;du Riou;PARIS;75002;01.20.24.22.69;andre.du-riou@server.fr;
Andre;Dubois;MARSEILLE;13005;04.38.90.88.66;;informaticien
Andre;Fischer de Guillot;PARIS;75005;01.54.61.62.72;andre.fischer-de-guillot@server.fr;
Andre;Gautier-Michaud;MONTPELLIER;34080;04.09.27.42.83;andre.gautier-michaud@server.fr;architecte
Andre;Grenier;;;02.34.08.89.04;andre.grenier@server.fr;
Andre;Henry;AIX-EN-PROVENCE;13090;04.12.86.88.91;andre.henry@server.fr;avocat
Andre;Hubert;;;01.42.38.05.89;andre.hubert@server.fr;cuisinier
;Jacquet-Pichon;RENNES;35200;02.52.84.77.27;andre.jacquet-pichon@server.fr;chef d'entreprise
Andre;Le Levy;PARIS;75019;01.84.69.31.69;andre.le-levy@server.fr;boulanger
Andre;Leblanc-Blanc;MARSEILLE;13016;04.86.55.96.67;andre.leblanc-blanc@server.fr;
Andre;Leroy Le Caron;;;05.74.36.55.11;andre.leroy-le-caron@server.fr;
;Maillot;LYON;69003;04.44.51.92.03;andre.maillot@server.fr;footballeur
Andre;Marin;TOULOUSE;31400;05.82.55.25.12;andre.marin@server.fr;chauffeur
Andre;Muller-Dubois;PARIS;75007;01.98.25.72.78;andre.muller-dubois@server.fr;
Andre;Olivier;;;05.34.71.72.23;andre.olivier@server.fr;
Andre;Olivier du Lelievre;LYON;69007;04.33.80.27.62;andre.olivier-du-lelievre@server.fr;
Andre;Payet-Gaudin;PARIS;75012;01.44.06.80.22;andre.payet-gaudin@server.fr;
Andre;Rodriguez-Pelletier;;;04.25.23.15.71;andre.rodriguez-pelletier@server.fr;
Andre;Traore;PARIS;75016;01.90.70.68.41;andre.traore@server.fr;enseignant
Andre;Turpin;MARSEILLE;13015;04.63.41.01.23;andre.turpin@server.fr;
;Turpin Le Dubois;RENNES;35000;02.85.33.49.84;;
Andre;Vidal;;;04.98.29.99.15;andre.vidal@server.fr;comptable
Andre-David;Fouquet;MARSEILLE;13006;04.42.39.83.42;andre-david.fouquet@server.fr;informaticien
Andre-Marcel;Gaudin;MARSEILLE;13014;04.91.93.25.46;andre-marcel.gaudin@server.fr;banquier
Andre-Xavier;Brunet;PARIS;75019;01.83.55.44.49;andre-xavier.brunet@server.fr;
Andree;Allain;ST ETIENNE;42000;04.20.34.51.52;andree.allain@server.fr;informaticien
Andree;Bouchet;;;01.88.68.39.01;andree.bouchet@server.fr;avocat
Andree;Boyer;;;01.49.90.03.33;andree.boyer@server.fr;
Andree;Dubois;;;04.01.24.14.53;andree.dubois@server.fr;banquier
Andree;Dupre;;;04.71.91.43.10;andree.dupre@server.fr;chef d'entreprise
Andree;Gomez;TOULON;83000;04.83.35.40.54;andree.gomez@server.fr;
Andree;Le Roux;PARIS;75005;01.91.72.37.37;;chauffeur
Andree;Lecoq;NICE;6000;04.89.86.05.78;andree.lecoq@server.fr;
Andree;Leduc;STRASBOURG;67000;03.81.27.34.84;andree.leduc@server.fr;boulegerie
j'atoute;un;nouveau;34543;0663945463;client;
un;nouv;client;56754;485746384;JOB